"customer_key";"customer_number";"customer_name";"age";"age_group";"customer_segment";"last_order_date";"recency";"total_orders";"total_sales";"total_quantity";"total_products";"lifespan";"avg_order_value";"avg_monthly_spend"
"1";"AW00011000";"Jon Yang";"53";"50 and above";"VIP";"2013-05-03";"144";"3";"8249";"8";"8";"27";"2749.6667";"305.5185"
"2";"AW00011001";"Eugene Huang";"49";"40-49";"VIP";"2013-12-10";"137";"3";"6384";"11";"10";"34";"2128.0000";"187.7647"
"3";"AW00011002";"Ruben Torres";"54";"50 and above";"VIP";"2013-02-23";"146";"3";"8114";"4";"4";"25";"2704.6667";"324.5600"
"4";"AW00011003";"Christy Zhu";"51";"50 and above";"VIP";"2013-05-10";"144";"3";"8139";"9";"9";"28";"2713.0000";"290.6786"
"5";"AW00011004";"Elizabeth Johnson";"45";"40-49";"VIP";"2013-05-01";"144";"3";"8196";"6";"6";"27";"2732.0000";"303.5556"
"6";"AW00011005";"Julio Ruiz";"48";"40-49";"VIP";"2013-05-02";"144";"3";"8121";"6";"6";"28";"2707.0000";"290.0357"
"7";"AW00011006";"Janet Alvarez";"48";"40-49";"VIP";"2013-05-14";"144";"3";"8119";"5";"5";"27";"2706.3333";"300.7037"
"8";"AW00011007";"Marco Mehta";"55";"50 and above";"VIP";"2013-03-19";"146";"3";"8211";"8";"8";"26";"2737.0000";"315.8077"
"9";"AW00011008";"Rob Verhoff";"49";"40-49";"VIP";"2013-03-02";"146";"3";"8106";"7";"7";"25";"2702.0000";"324.2400"
"10";"AW00011009";"Shannon Carlson";"55";"50 and above";"VIP";"2013-05-09";"144";"3";"8091";"5";"5";"27";"2697.0000";"299.6667"
"11";"AW00011010";"Jacquelyn Suarez";"55";"50 and above";"VIP";"2013-05-23";"143";"3";"8088";"4";"4";"28";"2696.0000";"288.8571"
"12";"AW00011011";"Curtis Lu";"56";"50 and above";"VIP";"2013-03-19";"146";"3";"8133";"4";"4";"26";"2711.0000";"312.8077"
"13";"AW00011012";"Lauren Walker";"46";"40-49";"New";"2013-10-15";"139";"2";"81";"5";"5";"6";"40.5000";"13.5000"
"14";"AW00011013";"Ian Jenkins";"45";"40-49";"New";"2014-01-21";"136";"2";"114";"5";"5";"9";"57.0000";"12.6667"
"15";"AW00011014";"Sydney Bennett";"51";"50 and above";"New";"2013-04-30";"144";"2";"138";"6";"5";"1";"69.0000";"138.0000"
"16";"AW00011015";"Chloe Young";"40";"40-49";"New";"2013-01-18";"148";"1";"2501";"3";"3";"0";"2501.0000";"2501.0000"
"17";"AW00011016";"Wyatt Hill";"40";"40-49";"New";"2013-02-09";"147";"1";"2332";"3";"3";"0";"2332.0000";"2332.0000"
"18";"AW00011017";"Shannon Wang";"75";"50 and above";"VIP";"2013-10-14";"139";"3";"6434";"4";"4";"33";"2144.6667";"194.9697"
"19";"AW00011018";"Clarence Rai";"69";"50 and above";"VIP";"2013-10-24";"138";"3";"6533";"7";"7";"33";"2177.6667";"197.9697"
"20";"AW00011019";"Luke Lal";"41";"40-49";"New";"2014-01-12";"136";"17";"880";"33";"20";"11";"51.7647";"80.0000"
"21";"AW00011020";"Jordan King";"41";"40-49";"New";"2012-12-29";"148";"1";"2317";"2";"2";"0";"2317.0000";"2317.0000"
"22";"AW00011021";"Destiny Wilson";"41";"40-49";"New";"2013-01-23";"147";"1";"2372";"3";"3";"0";"2372.0000";"2372.0000"
"23";"AW00011022";"Ethan Zhang";"41";"40-49";"New";"2013-01-20";"148";"1";"2322";"2";"2";"0";"2322.0000";"2322.0000"
"24";"AW00011023";"Seth Edwards";"41";"40-49";"New";"2014-01-14";"136";"2";"122";"6";"6";"10";"61.0000";"12.2000"
"25";"AW00011024";"Russell Xie";"41";"40-49";"New";"2013-07-26";"141";"2";"56";"6";"5";"0";"28.0000";"56.0000"
"26";"AW00011025";"Alejandro Beck";"73";"50 and above";"VIP";"2013-10-25";"138";"3";"6577";"6";"6";"33";"2192.3333";"199.3030"
"27";"AW00011026";"Harold Sai";"73";"50 and above";"VIP";"2013-10-15";"139";"3";"6575";"7";"7";"32";"2191.6667";"205.4688"
"28";"AW00011027";"Jessie Zhao";"72";"50 and above";"VIP";"2013-10-24";"138";"3";"6591";"9";"9";"33";"2197.0000";"199.7273"
"29";"AW00011028";"Jill Jimenez";"73";"50 and above";"VIP";"2013-10-07";"139";"3";"6474";"5";"5";"32";"2158.0000";"202.3125"
"30";"AW00011029";"Jimmy Moreno";"72";"50 and above";"VIP";"2013-11-11";"138";"3";"6565";"7";"7";"33";"2188.3333";"198.9394"
"31";"AW00011030";"Bethany Yuan";"67";"50 and above";"VIP";"2013-11-09";"138";"3";"6471";"4";"4";"33";"2157.0000";"196.0909"
"32";"AW00011031";"Theresa Ramos";"72";"50 and above";"VIP";"2013-11-13";"138";"3";"6478";"6";"6";"33";"2159.3333";"196.3030"
"33";"AW00011032";"Denise Stone";"72";"50 and above";"VIP";"2013-11-08";"138";"3";"6525";"10";"10";"32";"2175.0000";"203.9063"
"34";"AW00011033";"Jaime Nath";"66";"50 and above";"VIP";"2013-11-05";"138";"3";"6495";"7";"7";"32";"2165.0000";"202.9688"
"35";"AW00011034";"Ebony Gonzalez";"72";"50 and above";"VIP";"2013-11-10";"138";"3";"6491";"4";"4";"33";"2163.6667";"196.6970"
"36";"AW00011035";"Wendy Dominguez";"71";"50 and above";"VIP";"2013-11-15";"138";"3";"6451";"5";"5";"33";"2150.3333";"195.4848"
"37";"AW00011036";"Jennifer Russell";"40";"40-49";"New";"2013-01-22";"148";"1";"2355";"2";"2";"0";"2355.0000";"2355.0000"
"38";"AW00011037";"Chloe Garcia";"41";"40-49";"New";"2013-01-20";"148";"1";"2374";"7";"7";"0";"2374.0000";"2374.0000"
"39";"AW00011038";"Diana Hernandez";"71";"50 and above";"VIP";"2013-11-12";"138";"3";"6437";"3";"3";"33";"2145.6667";"195.0606"
"40";"AW00011039";"Marc Martin";"70";"50 and above";"VIP";"2013-11-11";"138";"3";"6636";"9";"8";"33";"2212.0000";"201.0909"
"41";"AW00011040";"Jesse Murphy";"42";"40-49";"New";"2013-04-03";"145";"1";"2351";"3";"3";"0";"2351.0000";"2351.0000"
"42";"AW00011041";"Amanda Carter";"42";"40-49";"New";"2013-01-14";"148";"1";"2381";"3";"3";"0";"2381.0000";"2381.0000"
"43";"AW00011042";"Megan Sanchez";"42";"40-49";"New";"2013-10-17";"139";"2";"3112";"3";"3";"8";"1556.0000";"389.0000"
"44";"AW00011043";"Nathan Simmons";"43";"40-49";"New";"2013-08-18";"141";"2";"48";"3";"3";"3";"24.0000";"16.0000"
"45";"AW00011044";"Adam Flores";"70";"50 and above";"VIP";"2013-11-08";"138";"3";"6515";"7";"7";"32";"2171.6667";"203.5938"
"46";"AW00011045";"Leonard Nara";"69";"50 and above";"New";"2013-10-29";"138";"2";"115";"4";"4";"6";"57.5000";"19.1667"
"47";"AW00011046";"Christine Yuan";"69";"50 and above";"VIP";"2013-11-12";"138";"3";"6616";"6";"6";"33";"2205.3333";"200.4848"
"48";"AW00011047";"Jaclyn Lu";"69";"50 and above";"VIP";"2013-11-19";"138";"3";"6582";"4";"4";"33";"2194.0000";"199.4545"
"49";"AW00011048";"Jeremy Powell";"69";"50 and above";"VIP";"2013-12-25";"136";"3";"6498";"8";"8";"34";"2166.0000";"191.1176"
"50";"AW00011049";"Carol Rai";"39";"30-39";"New";"2013-10-29";"138";"2";"81";"5";"5";"7";"40.5000";"11.5714"
"51";"AW00011050";"Alan Zheng";"68";"50 and above";"VIP";"2013-11-19";"138";"3";"5007";"6";"6";"32";"1669.0000";"156.4688"
"52";"AW00011051";"Daniel Johnson";"68";"50 and above";"New";"2014-01-01";"136";"2";"124";"5";"5";"0";"62.0000";"124.0000"
"53";"AW00011052";"Heidi Lopez";"68";"50 and above";"VIP";"2013-05-27";"143";"3";"8131";"7";"7";"27";"2710.3333";"301.1481"
"54";"AW00011053";"Ana Price";"39";"30-39";"New";"2013-01-17";"148";"1";"2330";"2";"2";"0";"2330.0000";"2330.0000"
"55";"AW00011054";"Deanna Munoz";"67";"50 and above";"VIP";"2013-05-30";"143";"3";"8223";"6";"6";"27";"2741.0000";"304.5556"
"56";"AW00011055";"Gilbert Raje";"67";"50 and above";"VIP";"2013-06-07";"143";"3";"8168";"8";"8";"28";"2722.6667";"291.7143"
"57";"AW00011056";"Michele Nath";"66";"50 and above";"VIP";"2013-05-31";"143";"3";"8207";"8";"8";"27";"2735.6667";"303.9630"
"58";"AW00011057";"Carl Andersen";"55";"50 and above";"VIP";"2013-05-21";"144";"3";"8088";"4";"4";"26";"2696.0000";"311.0769"
"59";"AW00011058";"Marc Diaz";"60";"50 and above";"VIP";"2013-06-04";"143";"3";"8248";"6";"6";"26";"2749.3333";"317.2308"
"60";"AW00011059";"Ashlee Andersen";"65";"50 and above";"New";"2013-03-16";"146";"3";"117";"7";"6";"0";"39.0000";"117.0000"
"61";"AW00011060";"Jon Zhou";"65";"50 and above";"VIP";"2013-06-25";"142";"3";"8153";"6";"6";"27";"2717.6667";"301.9630"
"62";"AW00011061";"Todd Gao";"49";"40-49";"VIP";"2013-06-14";"143";"3";"8129";"6";"6";"27";"2709.6667";"301.0741"
"63";"AW00011062";"Noah Powell";"44";"40-49";"New";"2013-01-07";"148";"1";"2352";"3";"3";"0";"2352.0000";"2352.0000"
"64";"AW00011063";"Angela Murphy";"44";"40-49";"New";"2013-01-12";"148";"1";"2373";"5";"5";"0";"2373.0000";"2373.0000"
"65";"AW00011064";"Chase Reed";"43";"40-49";"New";"2013-01-25";"147";"1";"2305";"2";"2";"0";"2305.0000";"2305.0000"
"66";"AW00011065";"Jessica Henderson";"46";"40-49";"New";"2014-01-10";"136";"2";"202";"5";"4";"11";"101.0000";"18.3636"
"67";"AW00011066";"Grace Butler";"45";"40-49";"New";"2013-09-19";"140";"2";"81";"5";"5";"3";"40.5000";"27.0000"
"68";"AW00011067";"Caleb Carter";"43";"40-49";"New";"2014-01-12";"136";"2";"105";"6";"6";"4";"52.5000";"26.2500"
"69";"AW00011068";"Tiffany Liang";"58";"50 and above";"New";"2013-10-08";"139";"3";"113";"9";"8";"5";"37.6667";"22.6000"
"70";"AW00011069";"Carolyn Navarro";"58";"50 and above";"VIP";"2013-06-04";"143";"3";"8104";"3";"3";"25";"2701.3333";"324.1600"
"71";"AW00011070";"Willie Raji";"64";"50 and above";"VIP";"2013-06-26";"142";"3";"8165";"10";"9";"25";"2721.6667";"326.6000"
"72";"AW00011071";"Linda Serrano";"64";"50 and above";"New";"2013-12-01";"137";"3";"110";"7";"6";"9";"36.6667";"12.2222"
"73";"AW00011072";"Casey Luo";"64";"50 and above";"VIP";"2013-06-15";"143";"3";"8194";"7";"7";"26";"2731.3333";"315.1538"
"74";"AW00011073";"Amy Ye";"63";"50 and above";"New";"2013-08-21";"141";"3";"192";"10";"9";"4";"64.0000";"48.0000"
"75";"AW00011074";"Levi Arun";"63";"50 and above";"New";"2013-05-27";"143";"3";"94";"7";"7";"2";"31.3333";"47.0000"
"76";"AW00011075";"Felicia Jimenez";"62";"50 and above";"VIP";"2013-06-24";"142";"3";"8068";"5";"5";"25";"2689.3333";"322.7200"
"77";"AW00011076";"Blake Anderson";"62";"50 and above";"VIP";"2013-06-21";"143";"3";"8159";"4";"4";"26";"2719.6667";"313.8077"
"78";"AW00011077";"Leah Ye";"62";"50 and above";"VIP";"2013-06-12";"143";"3";"8169";"5";"5";"25";"2723.0000";"326.7600"
"79";"AW00011078";"Gina Martin";"40";"40-49";"New";"2014-01-28";"135";"17";"912";"31";"23";"11";"53.6471";"82.9091"
"80";"AW00011079";"Donald Gonzalez";"55";"50 and above";"New";"2014-01-01";"136";"3";"58";"5";"5";"9";"19.3333";"6.4444"
"81";"AW00011080";"Damien Chander";"60";"50 and above";"VIP";"2013-06-23";"142";"3";"8204";"7";"7";"26";"2734.6667";"315.5385"
"82";"AW00011081";"Savannah Baker";"53";"50 and above";"New";"2013-04-13";"145";"2";"104";"5";"5";"2";"52.0000";"52.0000"
"83";"AW00011082";"Angela Butler";"53";"50 and above";"New";"2013-11-06";"138";"2";"3110";"6";"6";"9";"1555.0000";"345.5556"
"84";"AW00011083";"Alyssa Cox";"48";"40-49";"New";"2013-11-08";"138";"2";"3137";"5";"5";"10";"1568.5000";"313.7000"
"85";"AW00011084";"Lucas Phillips";"62";"50 and above";"New";"2013-11-21";"138";"2";"3078";"5";"5";"10";"1539.0000";"307.8000"
"86";"AW00011085";"Emily Johnson";"62";"50 and above";"New";"2014-01-08";"136";"2";"129";"5";"5";"1";"64.5000";"129.0000"
"87";"AW00011086";"Ryan Brown";"61";"50 and above";"New";"2013-12-21";"137";"2";"153";"6";"6";"5";"76.5000";"30.6000"
"88";"AW00011087";"Tamara Liang";"62";"50 and above";"New";"2013-08-09";"141";"2";"200";"4";"4";"5";"100.0000";"40.0000"
"89";"AW00011088";"Hunter Davis";"61";"50 and above";"New";"2013-11-12";"138";"2";"3176";"7";"7";"9";"1588.0000";"352.8889"
"90";"AW00011089";"Abigail Price";"62";"50 and above";"New";"2013-11-18";"138";"2";"3188";"7";"7";"10";"1594.0000";"318.8000"
"91";"AW00011090";"Trevor Bryant";"56";"50 and above";"VIP";"2013-11-21";"138";"3";"6703";"6";"6";"27";"2234.3333";"248.2593"
"92";"AW00011091";"Dalton Perez";"62";"50 and above";"New";"2014-01-08";"136";"28";"1186";"59";"25";"11";"42.3571";"107.8182"
"93";"AW00011092";"Cheryl Diaz";"52";"50 and above";"VIP";"2013-06-21";"143";"3";"8110";"5";"5";"26";"2703.3333";"311.9231"
"94";"AW00011093";"Aimee He";"46";"40-49";"VIP";"2013-06-08";"143";"3";"8180";"7";"7";"26";"2726.6667";"314.6154"
"95";"AW00011094";"Cedric Ma";"57";"50 and above";"New";"2014-01-11";"136";"3";"236";"8";"8";"9";"78.6667";"26.2222"
"96";"AW00011095";"Chad Kumar";"57";"50 and above";"VIP";"2013-06-25";"142";"3";"8158";"7";"7";"26";"2719.3333";"313.7692"
"97";"AW00011096";"Andr+®s Anand";"57";"50 and above";"VIP";"2013-07-30";"141";"3";"8063";"4";"4";"27";"2687.6667";"298.6296"
"98";"AW00011097";"Edwin Nara";"52";"50 and above";"VIP";"2013-07-24";"141";"3";"8099";"5";"5";"27";"2699.6667";"299.9630"
"99";"AW00011098";"Mallory Rubio";"58";"50 and above";"New";"2013-10-16";"139";"3";"89";"4";"4";"8";"29.6667";"11.1250"
"100";"AW00011099";"Adam Ross";"58";"50 and above";"VIP";"2013-07-01";"142";"3";"8216";"9";"8";"26";"2738.6667";"316.0000"
"101";"AW00011100";"Latasha Navarro";"59";"50 and above";"VIP";"2013-08-07";"141";"3";"8172";"7";"7";"27";"2724.0000";"302.6667"
"102";"AW00011101";"Abby Sai";"54";"50 and above";"VIP";"2013-06-29";"142";"3";"8262";"7";"7";"26";"2754.0000";"317.7692"
"103";"AW00011102";"Julia Nelson";"54";"50 and above";"New";"2013-12-09";"137";"3";"103";"5";"5";"4";"34.3333";"25.7500"
"104";"AW00011103";"Cassie Chande";"44";"40-49";"VIP";"2013-06-06";"143";"3";"8182";"8";"8";"25";"2727.3333";"327.2800"
"105";"AW00011104";"Edgar Sara";"50";"50 and above";"VIP";"2013-06-15";"143";"3";"8173";"6";"6";"25";"2724.3333";"326.9200"
"106";"AW00011105";"Candace Fernandez";"54";"50 and above";"VIP";"2013-06-05";"143";"3";"8096";"5";"5";"24";"2698.6667";"337.3333"
"107";"AW00011106";"Jessie Liu";"55";"50 and above";"VIP";"2013-06-15";"143";"3";"8079";"3";"3";"24";"2693.0000";"336.6250"
"108";"AW00011107";"Bianca Lin";"49";"40-49";"VIP";"2013-06-21";"143";"3";"8171";"6";"6";"25";"2723.6667";"326.8400"
"109";"AW00011108";"Kari Alvarez";"56";"50 and above";"VIP";"2013-06-23";"142";"3";"8124";"5";"5";"25";"2708.0000";"324.9600"
"110";"AW00011109";"Ruben Kapoor";"45";"40-49";"VIP";"2013-06-24";"142";"3";"8245";"8";"8";"25";"2748.3333";"329.8000"
"111";"AW00011110";"Curtis Yang";"57";"50 and above";"VIP";"2013-08-20";"141";"3";"8093";"5";"5";"27";"2697.6667";"299.7407"
"112";"AW00011111";"Meredith Gutierrez";"57";"50 and above";"VIP";"2013-08-22";"141";"3";"8137";"8";"8";"27";"2712.3333";"301.3704"
"113";"AW00011112";"Crystal Wang";"57";"50 and above";"VIP";"2013-09-02";"140";"3";"8295";"6";"6";"27";"2765.0000";"307.2222"
"114";"AW00011113";"Micheal Blanco";"52";"50 and above";"New";"2013-04-21";"145";"3";"110";"7";"7";"2";"36.6667";"55.0000"
"115";"AW00011114";"Leslie Moreno";"57";"50 and above";"New";"2013-12-26";"136";"3";"123";"7";"6";"9";"41.0000";"13.6667"
"116";"AW00011115";"Alvin Cai";"57";"50 and above";"New";"2014-01-02";"136";"3";"114";"6";"6";"10";"38.0000";"11.4000"
"117";"AW00011116";"Clinton Carlson";"46";"40-49";"New";"2013-10-16";"139";"3";"149";"7";"7";"7";"49.6667";"21.2857"
"118";"AW00011117";"April Deng";"58";"50 and above";"VIP";"2013-06-25";"142";"3";"8185";"8";"8";"25";"2728.3333";"327.4000"
"119";"AW00011118";"Alvin Zeng";"62";"50 and above";"New";"2014-01-26";"135";"3";"124";"8";"6";"6";"41.3333";"20.6667"
"120";"AW00011119";"Evan James";"84";"50 and above";"New";"2013-11-23";"137";"2";"85";"4";"4";"9";"42.5000";"9.4444"
"121";"AW00011120";"Beth Jim+®nez";"83";"50 and above";"VIP";"2013-09-19";"140";"3";"8242";"10";"10";"28";"2747.3333";"294.3571"
"122";"AW00011121";"Orlando Suarez";"59";"50 and above";"New";"2013-11-04";"138";"3";"58";"6";"5";"4";"19.3333";"14.5000"
"123";"AW00011122";"Byron Vazquez";"59";"50 and above";"New";"2013-08-22";"141";"3";"43";"3";"3";"6";"14.3333";"7.1667"
"124";"AW00011123";"Philip Alvarez";"59";"50 and above";"New";"2014-01-25";"135";"3";"150";"8";"7";"9";"50.0000";"16.6667"
"125";"AW00011124";"Ross Jordan";"56";"50 and above";"VIP";"2013-06-18";"143";"3";"8129";"6";"6";"25";"2709.6667";"325.1600"
"126";"AW00011125";"Dana Navarro";"63";"50 and above";"New";"2013-07-03";"142";"3";"79";"7";"7";"5";"26.3333";"15.8000"
"127";"AW00011126";"Shaun Carson";"70";"50 and above";"Regular";"2013-11-03";"138";"3";"4971";"8";"7";"29";"1657.0000";"171.4138"
"128";"AW00011127";"Jan Edwards";"44";"40-49";"New";"2013-10-01";"139";"2";"44";"3";"3";"5";"22.0000";"8.8000"
"129";"AW00011128";"Samantha Long";"43";"40-49";"New";"2013-08-12";"141";"2";"144";"7";"7";"1";"72.0000";"144.0000"
"130";"AW00011129";"Julia Wright";"44";"40-49";"VIP";"2013-01-09";"148";"2";"5873";"2";"2";"17";"2936.5000";"345.4706"
"131";"AW00011130";"Caroline Russell";"39";"30-39";"New";"2013-12-09";"137";"1";"37";"2";"2";"0";"37.0000";"37.0000"
"132";"AW00011131";"Amanda Rivera";"39";"30-39";"New";"2014-01-23";"135";"5";"166";"9";"9";"3";"33.2000";"55.3333"
"133";"AW00011132";"Melissa Richardson";"39";"30-39";"New";"2013-04-09";"145";"1";"2372";"6";"6";"0";"2372.0000";"2372.0000"
"134";"AW00011133";"Angela Griffin";"39";"30-39";"New";"2013-12-30";"136";"1";"72";"4";"4";"0";"72.0000";"72.0000"
"135";"AW00011134";"Larry Townsend";"68";"50 and above";"Regular";"2013-11-03";"138";"3";"4911";"3";"3";"30";"1637.0000";"163.7000"
"136";"AW00011135";"Marcus Harris";"40";"40-49";"New";"2013-04-18";"145";"1";"2335";"3";"3";"0";"2335.0000";"2335.0000"
"137";"AW00011136";"Brianna Morgan";"41";"40-49";"New";"2013-01-03";"148";"1";"2381";"3";"3";"0";"2381.0000";"2381.0000"
"138";"AW00011137";"Jasmine Taylor";"41";"40-49";"New";"2014-01-20";"136";"2";"202";"5";"4";"5";"101.0000";"40.4000"
"139";"AW00011138";"Lauren Davis";"41";"40-49";"New";"2013-12-31";"136";"2";"79";"4";"4";"3";"39.5000";"26.3333"
"140";"AW00011139";"Tanya Moreno";"75";"50 and above";"New";"2013-10-17";"139";"2";"84";"3";"3";"1";"42.0000";"84.0000"
"141";"AW00011140";"Javier Alvarez";"42";"40-49";"New";"2013-03-19";"146";"1";"40";"2";"2";"0";"40.0000";"40.0000"
"142";"AW00011141";"Nicole Ramirez";"42";"40-49";"New";"2013-09-28";"139";"2";"114";"5";"5";"4";"57.0000";"28.5000"
"143";"AW00011142";"Eduardo Patterson";"42";"40-49";"New";"2014-01-13";"136";"17";"979";"36";"23";"11";"57.5882";"89.0000"
"144";"AW00011143";"Jonathan Henderson";"42";"40-49";"New";"2013-12-19";"137";"2";"48";"5";"4";"6";"24.0000";"8.0000"
"145";"AW00011144";"Edward Hernandez";"40";"40-49";"New";"2013-01-25";"147";"1";"2400";"3";"3";"0";"2400.0000";"2400.0000"
"146";"AW00011145";"Jasmine Coleman";"39";"30-39";"New";"2013-01-25";"147";"1";"2310";"3";"3";"0";"2310.0000";"2310.0000"
"147";"AW00011146";"Karla Goel";"80";"50 and above";"New";"2013-09-15";"140";"3";"113";"7";"6";"7";"37.6667";"16.1429"
"148";"AW00011147";"Ernest Wu";"80";"50 and above";"VIP";"2013-10-16";"139";"3";"8195";"7";"7";"29";"2731.6667";"282.5862"
"149";"AW00011148";"Ross Vazquez";"78";"50 and above";"New";"2013-12-03";"137";"3";"126";"6";"5";"8";"42.0000";"15.7500"
"150";"AW00011149";"Theodore Gill";"78";"50 and above";"New";"2013-11-29";"137";"3";"41";"4";"4";"5";"13.6667";"8.2000"
"151";"AW00011150";"Russell Shen";"78";"50 and above";"New";"2013-07-15";"142";"3";"192";"8";"7";"3";"64.0000";"64.0000"
"152";"AW00011151";"Melinda Gill";"77";"50 and above";"VIP";"2013-10-20";"139";"3";"8087";"6";"6";"29";"2695.6667";"278.8621"
"153";"AW00011152";"James Williams";"43";"40-49";"New";"2013-01-09";"148";"1";"2295";"1";"1";"0";"2295.0000";"2295.0000"
"154";"AW00011153";"Angela James";"43";"40-49";"New";"2013-03-29";"145";"2";"110";"5";"5";"0";"55.0000";"110.0000"
"155";"AW00011154";"Megan Walker";"43";"40-49";"New";"2013-01-10";"148";"1";"2320";"1";"1";"0";"2320.0000";"2320.0000"
"156";"AW00011155";"Hunter Robinson";"43";"40-49";"New";"2013-01-06";"148";"1";"2320";"1";"1";"0";"2320.0000";"2320.0000"
"157";"AW00011156";"Maria Roberts";"43";"40-49";"New";"2013-01-08";"148";"1";"2390";"4";"4";"0";"2390.0000";"2390.0000"
"158";"AW00011157";"Hannah Long";"44";"40-49";"New";"2013-09-11";"140";"2";"41";"3";"3";"1";"20.5000";"41.0000"
"159";"AW00011158";"Jason Wright";"44";"40-49";"New";"2013-01-19";"148";"1";"2396";"3";"3";"0";"2396.0000";"2396.0000"
"160";"AW00011159";"Brianna Hughes";"44";"40-49";"New";"2013-11-07";"138";"2";"48";"5";"4";"1";"24.0000";"48.0000"
"161";"AW00011160";"Maurice Tang";"45";"40-49";"New";"2013-02-21";"147";"1";"2322";"2";"2";"0";"2322.0000";"2322.0000"
"162";"AW00011161";"Emily Wood";"45";"40-49";"New";"2013-11-11";"138";"2";"94";"6";"6";"5";"47.0000";"18.8000"
"163";"AW00011162";"Chase Cox";"45";"40-49";"New";"2013-02-18";"147";"1";"2330";"2";"2";"0";"2330.0000";"2330.0000"
"164";"AW00011163";"Gabriel Wang";"44";"40-49";"New";"2013-08-05";"141";"2";"46";"4";"4";"3";"23.0000";"15.3333"
"165";"AW00011164";"Devin Brooks";"45";"40-49";"New";"2013-08-05";"141";"2";"145";"6";"6";"3";"72.5000";"48.3333"
"166";"AW00011165";"Jocelyn Alexander";"46";"40-49";"New";"2013-06-05";"143";"2";"103";"3";"3";"0";"51.5000";"103.0000"
"167";"AW00011166";"Ashley Martinez";"47";"40-49";"New";"2013-12-06";"137";"2";"88";"5";"5";"1";"44.0000";"88.0000"
"168";"AW00011167";"Jasmine Barnes";"47";"40-49";"New";"2013-11-28";"137";"2";"3126";"4";"4";"10";"1563.0000";"312.6000"
"169";"AW00011168";"David Rodriguez";"51";"50 and above";"New";"2013-11-16";"138";"2";"3136";"7";"7";"10";"1568.0000";"313.6000"
"170";"AW00011169";"Bryce Richardson";"51";"50 and above";"New";"2013-09-24";"139";"2";"81";"5";"5";"3";"40.5000";"27.0000"
"171";"AW00011170";"Carol Howard";"51";"50 and above";"New";"2013-12-29";"136";"2";"157";"7";"7";"4";"78.5000";"39.2500"
"172";"AW00011171";"Jonathan Hill";"46";"40-49";"VIP";"2013-11-07";"138";"3";"6716";"8";"8";"26";"2238.6667";"258.3077"
"173";"AW00011172";"Gabrielle Adams";"52";"50 and above";"New";"2014-01-11";"136";"2";"129";"7";"6";"8";"64.5000";"16.1250"
"174";"AW00011173";"Sarah Thomas";"52";"50 and above";"New";"2013-12-24";"136";"2";"103";"3";"3";"9";"51.5000";"11.4444"
"175";"AW00011174";"Nicholas Robinson";"52";"50 and above";"New";"2013-07-25";"141";"2";"48";"5";"4";"0";"24.0000";"48.0000"
"176";"AW00011175";"Luis Wang";"56";"50 and above";"VIP";"2013-11-03";"138";"3";"6710";"8";"8";"26";"2236.6667";"258.0769"
"177";"AW00011176";"Mason Roberts";"46";"40-49";"New";"2014-01-27";"135";"28";"1317";"60";"27";"11";"47.0357";"119.7273"
"178";"AW00011177";"Jose Flores";"77";"50 and above";"New";"2013-10-14";"139";"2";"135";"6";"6";"6";"67.5000";"22.5000"
"179";"AW00011178";"Nathan Johnson";"70";"50 and above";"New";"2013-05-26";"143";"2";"145";"6";"6";"3";"72.5000";"48.3333"
"180";"AW00011179";"Molly Rodriguez";"65";"50 and above";"New";"2014-01-09";"136";"2";"125";"6";"6";"9";"62.5000";"13.8889"
"181";"AW00011180";"April Anand";"76";"50 and above";"New";"2013-09-25";"139";"2";"138";"6";"6";"6";"69.0000";"23.0000"
"182";"AW00011181";"Devin Martin";"65";"50 and above";"New";"2013-07-11";"142";"2";"41";"3";"3";"2";"20.5000";"20.5000"
"183";"AW00011182";"Stephanie Torres";"75";"50 and above";"New";"2014-01-05";"136";"2";"81";"5";"5";"4";"40.5000";"20.2500"
"184";"AW00011183";"Jasmine Lee";"75";"50 and above";"New";"2013-06-13";"143";"2";"46";"4";"4";"1";"23.0000";"46.0000"
"185";"AW00011184";"Meghan Hernandez";"69";"50 and above";"New";"2013-10-09";"139";"2";"68";"5";"5";"1";"34.0000";"68.0000"
"186";"AW00011185";"Ashley Henderson";"75";"50 and above";"New";"2014-01-26";"135";"27";"1616";"68";"29";"11";"59.8519";"146.9091"
"187";"AW00011186";"Sarah Price";"75";"50 and above";"New";"2014-01-07";"136";"2";"41";"3";"3";"2";"20.5000";"20.5000"
"188";"AW00011187";"Jennifer Cooper";"75";"50 and above";"New";"2013-08-06";"141";"2";"108";"4";"4";"4";"54.0000";"27.0000"
"189";"AW00011188";"Catherine Morris";"75";"50 and above";"New";"2014-01-21";"136";"2";"81";"5";"5";"2";"40.5000";"40.5000"
"190";"AW00011189";"Lawrence Blanco";"75";"50 and above";"VIP";"2013-02-05";"147";"2";"5944";"6";"6";"17";"2972.0000";"349.6471"
"191";"AW00011190";"Carson Bryant";"75";"50 and above";"New";"2014-01-16";"136";"2";"46";"4";"4";"4";"23.0000";"11.5000"
"192";"AW00011191";"Kristi Perez";"73";"50 and above";"VIP";"2013-11-06";"138";"3";"6743";"7";"7";"26";"2247.6667";"259.3462"
"193";"AW00011192";"James Brown";"74";"50 and above";"New";"2013-09-25";"139";"2";"114";"5";"5";"3";"57.0000";"38.0000"
"194";"AW00011193";"Ian Gray";"74";"50 and above";"New";"2013-08-18";"141";"2";"41";"3";"3";"5";"20.5000";"8.2000"
"195";"AW00011194";"Jacqueline Price";"74";"50 and above";"New";"2013-12-08";"137";"2";"105";"6";"6";"8";"52.5000";"13.1250"
"196";"AW00011195";"Megan Henderson";"73";"50 and above";"New";"2013-10-22";"139";"2";"105";"6";"6";"6";"52.5000";"17.5000"
"197";"AW00011196";"Alfredo Romero";"73";"50 and above";"New";"2013-09-24";"139";"2";"162";"4";"4";"6";"81.0000";"27.0000"
"198";"AW00011197";"Andrea Morris";"73";"50 and above";"New";"2013-07-20";"142";"2";"207";"6";"5";"2";"103.5000";"103.5000"
"199";"AW00011198";"Brooke Sanders";"72";"50 and above";"New";"2013-02-13";"147";"2";"98";"4";"4";"0";"49.0000";"98.0000"
"200";"AW00011199";"Jacqueline Bennett";"67";"50 and above";"New";"2013-10-17";"139";"2";"132";"6";"6";"6";"66.0000";"22.0000"
"201";"AW00011200";"Jason Griffin";"72";"50 and above";"New";"2014-01-20";"136";"27";"1461";"55";"26";"11";"54.1111";"132.8182"
"202";"AW00011201";"Amanda Foster";"72";"50 and above";"New";"2013-09-09";"140";"2";"181";"6";"6";"2";"90.5000";"90.5000"
"203";"AW00011202";"Alexia Price";"66";"50 and above";"New";"2013-09-21";"140";"2";"74";"3";"3";"0";"37.0000";"74.0000"
"204";"AW00011203";"Luis Diaz";"65";"50 and above";"New";"2013-12-11";"137";"17";"800";"32";"19";"9";"47.0588";"88.8889"
"205";"AW00011204";"Destiny Rivera";"71";"50 and above";"New";"2013-11-10";"138";"2";"77";"4";"4";"3";"38.5000";"25.6667"
"206";"AW00011205";"Abby Fernandez";"71";"50 and above";"New";"2013-10-08";"139";"2";"37";"2";"2";"2";"18.5000";"18.5000"
"207";"AW00011206";"Blake Flores";"71";"50 and above";"New";"2013-05-30";"143";"2";"77";"4";"4";"0";"38.5000";"77.0000"
"208";"AW00011207";"Danielle Cox";"71";"50 and above";"New";"2013-10-18";"139";"2";"77";"4";"4";"8";"38.5000";"9.6250"
"209";"AW00011208";"Maria Reed";"71";"50 and above";"New";"2013-09-17";"140";"2";"134";"7";"7";"6";"67.0000";"22.3333"
"210";"AW00011209";"Allison Evans";"71";"50 and above";"New";"2014-01-22";"136";"2";"37";"2";"2";"9";"18.5000";"4.1111"
"211";"AW00011210";"Edward Wood";"71";"50 and above";"New";"2013-09-06";"140";"2";"70";"5";"5";"4";"35.0000";"17.5000"
"212";"AW00011211";"Samantha Russell";"64";"50 and above";"New";"2014-01-07";"136";"17";"792";"33";"22";"11";"46.5882";"72.0000"
"213";"AW00011212";"Chloe Campbell";"70";"50 and above";"New";"2014-01-17";"136";"17";"824";"33";"20";"11";"48.4706";"74.9091"
"214";"AW00011213";"Stephanie Murphy";"70";"50 and above";"New";"2013-09-09";"140";"2";"77";"4";"4";"5";"38.5000";"15.4000"
"215";"AW00011214";"Charles Miller";"70";"50 and above";"New";"2013-11-19";"138";"2";"162";"4";"4";"3";"81.0000";"54.0000"
"216";"AW00011215";"Ana Perry";"63";"50 and above";"New";"2013-12-15";"137";"17";"1154";"32";"21";"10";"67.8824";"115.4000"
"217";"AW00011216";"Jasmine Torres";"69";"50 and above";"VIP";"2013-02-05";"147";"2";"5948";"5";"5";"17";"2974.0000";"349.8824"
"218";"AW00011217";"Natalie Adams";"69";"50 and above";"VIP";"2013-02-14";"147";"2";"5953";"3";"3";"18";"2976.5000";"330.7222"
"219";"AW00011218";"Olivia Brown";"63";"50 and above";"New";"2014-01-04";"136";"2";"39";"3";"2";"10";"19.5000";"3.9000"
"220";"AW00011219";"Charles Cook";"68";"50 and above";"New";"2014-01-24";"135";"2";"39";"3";"2";"2";"19.5000";"19.5000"
"221";"AW00011220";"Erica Huang";"64";"50 and above";"New";"2013-12-13";"137";"2";"50";"4";"4";"8";"25.0000";"6.2500"
"222";"AW00011221";"Nathan Perry";"69";"50 and above";"New";"2013-10-17";"139";"2";"46";"4";"4";"6";"23.0000";"7.6667"
"223";"AW00011222";"Alexandra Rivera";"69";"50 and above";"New";"2013-11-28";"137";"2";"208";"6";"6";"0";"104.0000";"208.0000"
"224";"AW00011223";"Hailey Patterson";"68";"50 and above";"New";"2014-01-06";"136";"27";"1293";"65";"26";"11";"47.8889";"117.5455"
"225";"AW00011224";"Tiffany Li";"68";"50 and above";"VIP";"2013-12-03";"137";"3";"6685";"5";"5";"27";"2228.3333";"247.5926"
"226";"AW00011225";"Madison Lee";"63";"50 and above";"New";"2013-09-06";"140";"2";"73";"5";"5";"2";"36.5000";"36.5000"
"227";"AW00011226";"Sydney Ross";"62";"50 and above";"New";"2013-03-31";"145";"2";"37";"2";"2";"1";"18.5000";"37.0000"
"228";"AW00011227";"Marshall Chavez";"62";"50 and above";"VIP";"2013-02-10";"147";"2";"5910";"5";"5";"18";"2955.0000";"328.3333"
"229";"AW00011228";"Ashley Jones";"68";"50 and above";"New";"2014-01-17";"136";"2";"77";"4";"4";"2";"38.5000";"38.5000"
"230";"AW00011229";"Adrian Stewart";"67";"50 and above";"New";"2014-01-25";"135";"2";"81";"5";"5";"5";"40.5000";"16.2000"
"231";"AW00011230";"Amber Turner";"68";"50 and above";"New";"2013-12-09";"137";"2";"54";"5";"5";"4";"27.0000";"13.5000"
"232";"AW00011231";"Dennis Zhang";"61";"50 and above";"New";"2013-11-12";"138";"2";"64";"4";"4";"9";"32.0000";"7.1111"
"233";"AW00011232";"Hailey Bryant";"67";"50 and above";"New";"2013-11-13";"138";"2";"39";"3";"2";"1";"19.5000";"39.0000"
"234";"AW00011233";"Todd Li";"61";"50 and above";"New";"2013-06-08";"143";"2";"179";"7";"7";"4";"89.5000";"44.7500"
"235";"AW00011234";"Anna Griffin";"67";"50 and above";"New";"2013-09-19";"140";"2";"76";"4";"4";"7";"38.0000";"10.8571"
"236";"AW00011235";"Angel Stewart";"67";"50 and above";"New";"2014-01-05";"136";"2";"138";"6";"5";"6";"69.0000";"23.0000"
"237";"AW00011236";"Jeremy Butler";"67";"50 and above";"New";"2014-01-06";"136";"2";"114";"5";"5";"3";"57.0000";"38.0000"
"238";"AW00011237";"Clarence Anand";"61";"50 and above";"VIP";"2013-11-25";"137";"4";"10566";"6";"6";"26";"2641.5000";"406.3846"
"239";"AW00011238";"Mayra Prasad";"61";"50 and above";"VIP";"2013-04-30";"144";"4";"7543";"9";"9";"27";"1885.7500";"279.3704"
"240";"AW00011239";"Latoya Goel";"55";"50 and above";"VIP";"2013-05-28";"143";"4";"7511";"11";"11";"28";"1877.7500";"268.2500"
"241";"AW00011240";"Anne Hernandez";"60";"50 and above";"VIP";"2013-05-13";"144";"4";"7586";"13";"10";"26";"1896.5000";"291.7692"
"242";"AW00011241";"Lisa Cai";"51";"50 and above";"VIP";"2013-10-29";"138";"7";"11468";"25";"20";"13";"1638.2857";"882.1538"
"243";"AW00011242";"Larry Munoz";"62";"50 and above";"VIP";"2013-12-04";"137";"7";"11067";"12";"12";"14";"1581.0000";"790.5000"
"244";"AW00011243";"Robin Alvarez";"62";"50 and above";"VIP";"2013-06-09";"143";"4";"7164";"12";"10";"27";"1791.0000";"265.3333"
"245";"AW00011244";"Alexis Coleman";"56";"50 and above";"VIP";"2013-07-19";"142";"4";"7175";"12";"11";"29";"1793.7500";"247.4138"
"246";"AW00011245";"Ricky Vazquez";"63";"50 and above";"VIP";"2013-12-11";"137";"4";"10580";"9";"9";"26";"2645.0000";"406.9231"
"247";"AW00011246";"Latasha Rubio";"63";"50 and above";"VIP";"2013-12-20";"137";"4";"10575";"7";"7";"26";"2643.7500";"406.7308"
"248";"AW00011247";"Claudia Zhou";"63";"50 and above";"VIP";"2013-08-17";"141";"4";"7131";"12";"11";"29";"1782.7500";"245.8966"
"249";"AW00011248";"Tristan Alexander";"59";"50 and above";"New";"2013-07-14";"142";"1";"38";"3";"3";"0";"38.0000";"38.0000"
"250";"AW00011249";"Cindy Patel";"58";"50 and above";"VIP";"2013-09-15";"140";"4";"9890";"11";"11";"23";"2472.5000";"430.0000"
"251";"AW00011250";"Shannon Liu";"59";"50 and above";"VIP";"2013-08-06";"141";"4";"7115";"11";"10";"28";"1778.7500";"254.1071"
"252";"AW00011251";"Xavier Long";"87";"50 and above";"New";"2013-10-18";"139";"1";"2319";"4";"4";"0";"2319.0000";"2319.0000"
"253";"AW00011252";"Nicholas Thompson";"87";"50 and above";"VIP";"2013-12-18";"137";"3";"6685";"7";"7";"28";"2228.3333";"238.7500"
"254";"AW00011253";"Jos+® Hernandez";"75";"50 and above";"New";"2013-12-03";"137";"16";"695";"30";"16";"9";"43.4375";"77.2222"
"255";"AW00011254";"Johnathan Vance";"86";"50 and above";"New";"2013-12-14";"137";"2";"204";"9";"9";"0";"102.0000";"204.0000"
"256";"AW00011255";"Colin Lin";"86";"50 and above";"New";"2013-03-31";"145";"2";"114";"5";"5";"1";"57.0000";"114.0000"
"257";"AW00011256";"Katelyn Hernandez";"86";"50 and above";"New";"2013-10-16";"139";"2";"81";"5";"5";"6";"40.5000";"13.5000"
"258";"AW00011257";"Jacqueline Powell";NULL;"50 and above";"VIP";"2013-12-14";"137";"3";"6676";"6";"6";"27";"2225.3333";"247.2593"
"259";"AW00011258";"Xavier Hill";"86";"50 and above";"New";"2013-07-15";"142";"2";"49";"4";"4";"1";"24.5000";"49.0000"
"260";"AW00011259";"Victoria Stewart";"54";"50 and above";"VIP";"2013-12-20";"137";"3";"6770";"5";"5";"27";"2256.6667";"250.7407"
"261";"AW00011260";"Katelyn Kelly";"49";"40-49";"New";"2013-06-23";"142";"2";"81";"5";"5";"4";"40.5000";"20.2500"
"262";"AW00011261";"Stephanie Collins";"54";"50 and above";"VIP";"2013-12-23";"136";"3";"6650";"4";"4";"26";"2216.6667";"255.7692"
"263";"AW00011262";"Jennifer Simmons";"50";"50 and above";"New";"2014-01-22";"136";"27";"1124";"63";"26";"10";"41.6296";"112.4000"
"264";"AW00011263";"Trinity Richardson";"55";"50 and above";"VIP";"2013-12-10";"137";"3";"6753";"9";"9";"27";"2251.0000";"250.1111"
"265";"AW00011264";"Eduardo Martin";"55";"50 and above";"New";"2013-11-30";"137";"2";"3182";"8";"8";"10";"1591.0000";"318.2000"
"266";"AW00011265";"Elizabeth Jones";"55";"50 and above";"New";"2013-01-03";"148";"1";"2352";"3";"3";"0";"2352.0000";"2352.0000"
"267";"AW00011266";"Taylor Howard";"55";"50 and above";"VIP";"2013-01-20";"148";"2";"5922";"5";"5";"16";"2961.0000";"370.1250"
"268";"AW00011267";"David Diaz";"49";"40-49";"VIP";"2013-01-07";"148";"2";"5943";"5";"5";"15";"2971.5000";"396.2000"
"269";"AW00011268";"Katelyn Carter";"55";"50 and above";"New";"2013-11-16";"138";"2";"98";"5";"5";"5";"49.0000";"19.6000"
"270";"AW00011269";"Ryan Foster";"49";"40-49";"New";"2013-09-10";"140";"2";"42";"3";"3";"0";"21.0000";"42.0000"
"271";"AW00011270";"Robert Lee";"50";"50 and above";"VIP";"2013-01-07";"148";"2";"5984";"5";"5";"15";"2992.0000";"398.9333"
"272";"AW00011271";"Danielle Reed";"55";"50 and above";"VIP";"2013-01-22";"148";"2";"5973";"5";"5";"15";"2986.5000";"398.2000"
"273";"AW00011272";"Lauren Martinez";"63";"50 and above";"VIP";"2013-01-13";"148";"2";"5975";"4";"4";"15";"2987.5000";"398.3333"
"274";"AW00011273";"Nathan Lal";"63";"50 and above";"New";"2013-05-23";"143";"2";"273";"8";"8";"0";"136.5000";"273.0000"
"275";"AW00011274";"Kyle Foster";"85";"50 and above";"VIP";"2013-02-24";"146";"2";"5888";"4";"4";"17";"2944.0000";"346.3529"
"276";"AW00011275";"Jenny Rai";"85";"50 and above";"VIP";"2013-01-12";"148";"2";"5955";"4";"4";"16";"2977.5000";"372.1875"
"277";"AW00011276";"Nancy Chapman";"50";"50 and above";"New";"2014-01-22";"136";"27";"987";"57";"22";"11";"36.5556";"89.7273"
"278";"AW00011277";"Charles Jackson";"56";"50 and above";"New";"2014-01-16";"136";"27";"1434";"65";"26";"11";"53.1111";"130.3636"
"279";"AW00011278";"Jonathan Phillips";"56";"50 and above";"VIP";"2013-01-03";"148";"2";"5908";"3";"3";"15";"2954.0000";"393.8667"
"280";"AW00011279";"Amanda Cook";"50";"50 and above";"New";"2013-06-22";"143";"2";"44";"4";"3";"3";"22.0000";"14.6667"
"281";"AW00011280";"Robert Collins";"56";"50 and above";"New";"2013-08-08";"141";"2";"77";"4";"4";"1";"38.5000";"77.0000"
"282";"AW00011281";"Megan Barnes";"50";"50 and above";"VIP";"2013-01-11";"148";"2";"5921";"5";"5";"15";"2960.5000";"394.7333"
"283";"AW00011282";"Christian Thomas";"57";"50 and above";"VIP";"2013-01-02";"148";"2";"5999";"6";"6";"16";"2999.5000";"374.9375"
"284";"AW00011283";"Arturo Lal";"57";"50 and above";"New";"2013-08-28";"140";"2";"44";"4";"3";"2";"22.0000";"22.0000"
"285";"AW00011284";"Theresa Serrano";"57";"50 and above";"New";"2013-05-02";"144";"2";"55";"5";"3";"2";"27.5000";"27.5000"
"286";"AW00011285";"Jeremy Anderson";"52";"50 and above";"New";"2013-10-26";"138";"2";"128";"5";"5";"2";"64.0000";"64.0000"
"287";"AW00011286";"Hunter Griffin";"57";"50 and above";"VIP";"2013-01-20";"148";"2";"5954";"5";"5";"15";"2977.0000";"396.9333"
"288";"AW00011287";"Henry Garcia";"58";"50 and above";"New";"2014-01-28";"135";"27";"1165";"62";"23";"11";"43.1481";"105.9091"
"289";"AW00011288";"Cindy Sanchez";"47";"40-49";"New";"2013-08-21";"141";"2";"77";"4";"4";"5";"38.5000";"15.4000"
"290";"AW00011289";"Maria Carter";"53";"50 and above";"VIP";"2013-01-16";"148";"2";"5905";"5";"5";"16";"2952.5000";"369.0625"
"291";"AW00011290";"Katelyn Sanchez";"52";"50 and above";"VIP";"2013-01-27";"147";"2";"5933";"3";"3";"16";"2966.5000";"370.8125"
"292";"AW00011291";"Jenna Wright";"53";"50 and above";"VIP";"2013-01-19";"148";"2";"5873";"2";"2";"16";"2936.5000";"367.0625"
"293";"AW00011292";"Seth Phillips";"58";"50 and above";"VIP";"2012-12-31";"148";"2";"5910";"5";"5";"15";"2955.0000";"394.0000"
"294";"AW00011293";"Luke Long";"64";"50 and above";"New";"2013-03-15";"146";"2";"85";"5";"5";"0";"42.5000";"85.0000"
"295";"AW00011294";"Dalton Clark";"64";"50 and above";"New";"2014-01-03";"136";"2";"42";"3";"3";"3";"21.0000";"14.0000"
"296";"AW00011295";"Taylor Lewis";"65";"50 and above";"VIP";"2013-01-09";"148";"2";"6058";"5";"5";"15";"3029.0000";"403.8667"
"297";"AW00011296";"Haley Richardson";"84";"50 and above";"VIP";"2013-01-29";"147";"2";"5897";"4";"4";"16";"2948.5000";"368.5625"
"298";"AW00011297";"Noah Coleman";"84";"50 and above";"VIP";"2013-02-20";"147";"2";"5948";"5";"5";"16";"2974.0000";"371.7500"
"299";"AW00011298";"Jon Luo";"84";"50 and above";"VIP";"2013-02-21";"147";"2";"5922";"5";"5";"17";"2961.0000";"348.3529"
"300";"AW00011299";"Orlando Vazquez";"83";"50 and above";"VIP";"2013-02-24";"146";"2";"6015";"4";"4";"16";"3007.5000";"375.9375"
"301";"AW00011300";"Fernando Barnes";"59";"50 and above";"New";"2013-12-31";"136";"27";"1499";"67";"28";"11";"55.5185";"136.2727"
"302";"AW00011301";"Cameron Rodriguez";"59";"50 and above";"New";"2013-10-11";"139";"2";"131";"5";"5";"4";"65.5000";"32.7500"
"303";"AW00011302";"Spencer Russell";"53";"50 and above";"VIP";"2013-02-02";"147";"2";"5938";"5";"5";"16";"2969.0000";"371.1250"
"304";"AW00011303";"Julia Coleman";"59";"50 and above";"VIP";"2013-02-23";"146";"2";"5875";"3";"3";"17";"2937.5000";"345.5882"
"305";"AW00011304";"Julia Garcia";"54";"50 and above";"New";"2013-04-22";"145";"2";"122";"5";"5";"1";"61.0000";"122.0000"
"306";"AW00011305";"Sean Evans";"59";"50 and above";"New";"2013-08-04";"141";"2";"77";"4";"4";"4";"38.5000";"19.2500"
"307";"AW00011306";"Micah Zhou";"59";"50 and above";"New";"2013-09-07";"140";"2";"42";"3";"3";"2";"21.0000";"21.0000"
"308";"AW00011307";"Hunter Rodriguez";"59";"50 and above";"VIP";"2013-02-08";"147";"2";"5964";"5";"5";"17";"2982.0000";"350.8235"
"309";"AW00011308";"Ian Gonzales";"65";"50 and above";"New";"2014-01-15";"136";"2";"94";"4";"4";"4";"47.0000";"23.5000"
"310";"AW00011309";"Victoria Lewis";"65";"50 and above";"New";"2014-01-05";"136";"2";"42";"3";"3";"5";"21.0000";"8.4000"
"311";"AW00011310";"Erin Sanders";"60";"50 and above";"New";"2013-12-24";"136";"2";"77";"4";"4";"4";"38.5000";"19.2500"
"312";"AW00011311";"Gabrielle Lopez";"66";"50 and above";"New";"2013-09-13";"140";"2";"77";"4";"4";"4";"38.5000";"19.2500"
"313";"AW00011312";"Sara Richardson";"66";"50 and above";"New";"2013-06-02";"143";"2";"42";"3";"3";"0";"21.0000";"42.0000"
"314";"AW00011313";"Trevor Jenkins";"66";"50 and above";"New";"2013-11-26";"137";"2";"44";"4";"3";"6";"22.0000";"7.3333"
"315";"AW00011314";"Mya Flores";"54";"50 and above";"New";"2013-12-03";"137";"2";"47";"4";"3";"9";"23.5000";"5.2222"
"316";"AW00011315";"Hailey Ward";"66";"50 and above";"New";"2013-12-17";"137";"2";"42";"3";"3";"6";"21.0000";"7.0000"
"317";"AW00011316";"Luke Allen";"66";"50 and above";"New";"2013-01-12";"148";"1";"2350";"2";"2";"0";"2350.0000";"2350.0000"
"318";"AW00011317";"Victoria Russell";"61";"50 and above";"VIP";"2013-02-18";"147";"2";"5873";"2";"2";"17";"2936.5000";"345.4706"
"319";"AW00011318";"Jessica Wilson";"67";"50 and above";"New";"2013-11-08";"138";"2";"44";"4";"3";"0";"22.0000";"44.0000"
"320";"AW00011319";"Jade Bailey";"77";"50 and above";"VIP";"2013-02-24";"146";"2";"5930";"4";"4";"17";"2965.0000";"348.8235"
"321";"AW00011320";"Morgan Hill";"82";"50 and above";"New";"2013-08-19";"141";"2";"72";"5";"5";"2";"36.0000";"36.0000"
"322";"AW00011321";"Terrance Raman";"81";"50 and above";"New";"2013-05-28";"143";"2";"37";"2";"2";"3";"18.5000";"12.3333"
"323";"AW00011322";"Sydney Garcia";"81";"50 and above";"New";"2013-05-21";"144";"2";"44";"4";"3";"1";"22.0000";"44.0000"
"324";"AW00011323";"Jose Patterson";"81";"50 and above";"VIP";"2013-01-30";"147";"2";"6074";"6";"6";"16";"3037.0000";"379.6250"
"325";"AW00011324";"Zachary Anderson";"80";"50 and above";"VIP";"2013-02-05";"147";"2";"5945";"4";"4";"16";"2972.5000";"371.5625"
"326";"AW00011325";"Elijah Ross";"80";"50 and above";"VIP";"2013-01-31";"147";"2";"6044";"7";"7";"16";"3022.0000";"377.7500"
"327";"AW00011326";"Rafael Xie";"80";"50 and above";"VIP";"2013-02-20";"147";"2";"5948";"5";"5";"17";"2974.0000";"349.8824"
"328";"AW00011327";"Jaime Moreno";"79";"50 and above";"VIP";"2013-02-01";"147";"2";"5915";"5";"5";"16";"2957.5000";"369.6875"
"329";"AW00011328";"Julian Griffin";"79";"50 and above";"New";"2013-04-07";"145";"2";"4718";"4";"4";"3";"2359.0000";"1572.6667"
"330";"AW00011329";"Andy Alvarez";"79";"50 and above";"VIP";"2013-02-10";"147";"2";"5898";"2";"2";"16";"2949.0000";"368.6250"
"331";"AW00011330";"Ryan Thompson";"79";"50 and above";"New";"2014-01-22";"136";"27";"1134";"57";"24";"11";"42.0000";"103.0909"
"332";"AW00011331";"Samantha Jenkins";"51";"50 and above";"New";"2014-01-24";"135";"27";"1327";"58";"24";"11";"49.1481";"120.6364"
"333";"AW00011332";"Deanna Ramos";"57";"50 and above";"VIP";"2013-01-06";"148";"2";"5755";"3";"3";"14";"2877.5000";"411.0714"
"334";"AW00011333";"Emily Miller";"57";"50 and above";"VIP";"2013-07-14";"142";"3";"8163";"6";"6";"27";"2721.0000";"302.3333"
"335";"AW00011334";"Nicole Brown";"58";"50 and above";"VIP";"2013-07-27";"141";"3";"8154";"6";"6";"28";"2718.0000";"291.2143"
"336";"AW00011335";"Carla Raman";"47";"40-49";"VIP";"2013-01-04";"148";"2";"5744";"4";"4";"14";"2872.0000";"410.2857"
"337";"AW00011336";"Shaun Raji";"52";"50 and above";"New";"2013-01-05";"148";"2";"4441";"5";"5";"3";"2220.5000";"1480.3333"
"338";"AW00011337";"Jerome Romero";"58";"50 and above";"VIP";"2013-07-19";"142";"3";"8162";"8";"7";"28";"2720.6667";"291.5000"
"339";"AW00011338";"Frank Navarro";"52";"50 and above";"VIP";"2012-12-30";"148";"2";"5745";"5";"5";"14";"2872.5000";"410.3571"
"340";"AW00011339";"Dennis She";"58";"50 and above";"New";"2013-01-25";"147";"2";"4379";"3";"3";"3";"2189.5000";"1459.6667"
"341";"AW00011340";"Melody Munoz";"78";"50 and above";"New";"2013-01-02";"148";"2";"4413";"5";"5";"2";"2206.5000";"2206.5000"
"342";"AW00011341";"Randy Zeng";"83";"50 and above";"VIP";"2013-07-19";"142";"3";"8192";"8";"8";"27";"2730.6667";"303.4074"
"343";"AW00011342";"Marshall Wang";"52";"50 and above";"New";"2013-07-12";"142";"1";"49";"3";"3";"0";"49.0000";"49.0000"
"344";"AW00011343";"Arthur Carlson";"50";"50 and above";"VIP";"2013-07-24";"141";"3";"8222";"9";"9";"27";"2740.6667";"304.5185"
"345";"AW00011344";"Jessie Jimenez";"62";"50 and above";"VIP";"2013-07-23";"141";"3";"8119";"7";"7";"26";"2706.3333";"312.2692"
"346";"AW00011345";"Robin Ramos";"62";"50 and above";"New";"2012-12-31";"148";"2";"4404";"3";"3";"2";"2202.0000";"2202.0000"
"347";"AW00011346";"Deanna Gutierrez";"59";"50 and above";"New";"2013-02-11";"147";"2";"4503";"7";"7";"4";"2251.5000";"1125.7500"
"348";"AW00011347";"Roy Navarro";"52";"50 and above";"New";"2013-03-16";"146";"1";"14";"2";"2";"0";"14.0000";"14.0000"
"349";"AW00011348";"Shawn Rai";"64";"50 and above";"New";"2013-03-31";"145";"1";"68";"3";"3";"0";"68.0000";"68.0000"
"350";"AW00011349";"Mindy Luo";"59";"50 and above";"New";"2014-01-13";"136";"1";"68";"3";"3";"0";"68.0000";"68.0000"
"351";"AW00011350";"Cara Zhou";"82";"50 and above";"New";"2013-02-05";"147";"1";"38";"3";"3";"0";"38.0000";"38.0000"
"352";"AW00011351";"Anne Ramos";"75";"50 and above";"VIP";"2013-08-28";"140";"3";"8068";"5";"5";"26";"2689.3333";"310.3077"
"353";"AW00011352";"Raymond Rodriguez";"79";"50 and above";"New";"2013-05-01";"144";"1";"14";"2";"2";"0";"14.0000";"14.0000"
"354";"AW00011353";"Carrie Ortega";"78";"50 and above";"VIP";"2013-08-08";"141";"3";"8078";"6";"6";"25";"2692.6667";"323.1200"
"355";"AW00011354";"Deanna Suarez";"77";"50 and above";"New";"2013-12-03";"137";"1";"23";"3";"3";"0";"23.0000";"23.0000"
"356";"AW00011355";"Roberto Gutierrez";"76";"50 and above";"New";"2013-09-26";"139";"1";"14";"2";"2";"0";"14.0000";"14.0000"
"357";"AW00011356";"Terrence Carson";"39";"30-39";"VIP";"2013-10-31";"138";"3";"5069";"8";"8";"29";"1689.6667";"174.7931"
"358";"AW00011357";"Ramon Ye";"40";"40-49";"Regular";"2013-10-29";"138";"3";"4943";"5";"5";"28";"1647.6667";"176.5357"
"359";"AW00011358";"Cynthia Malhotra";"41";"40-49";"VIP";"2013-11-14";"138";"3";"5034";"8";"8";"28";"1678.0000";"179.7857"
"360";"AW00011359";"Jarrod Prasad";"41";"40-49";"Regular";"2013-12-04";"137";"3";"4959";"8";"8";"29";"1653.0000";"171.0000"
"361";"AW00011360";"Tyrone Serrano";"41";"40-49";"VIP";"2013-12-22";"137";"3";"5025";"6";"6";"29";"1675.0000";"173.2759"
"362";"AW00011361";"Cindy Ramos";"42";"40-49";"New";"2013-11-24";"137";"2";"115";"4";"4";"1";"57.5000";"115.0000"
"363";"AW00011362";"Damien Shan";"42";"40-49";"New";"2013-09-24";"139";"2";"77";"3";"3";"5";"38.5000";"15.4000"
"364";"AW00011363";"Julian Ross";"42";"40-49";"VIP";"2013-12-18";"137";"3";"5035";"5";"5";"30";"1678.3333";"167.8333"
"365";"AW00011364";"Jennifer Collins";"40";"40-49";"Regular";"2013-12-26";"136";"3";"4921";"4";"4";"30";"1640.3333";"164.0333"
"366";"AW00011365";"Brittney Sun";"40";"40-49";"VIP";"2013-12-22";"137";"3";"5024";"7";"7";"30";"1674.6667";"167.4667"
"367";"AW00011366";"Virginia Patel";"40";"40-49";"New";"2013-08-15";"141";"2";"77";"3";"3";"1";"38.5000";"77.0000"
"368";"AW00011367";"Calvin Nara";"40";"40-49";"New";"2013-11-25";"137";"2";"86";"4";"4";"4";"43.0000";"21.5000"
"369";"AW00011368";"Edward Miller";"40";"40-49";"VIP";"2013-12-01";"137";"3";"5105";"11";"11";"29";"1701.6667";"176.0345"
"370";"AW00011369";"Ashlee Tang";"41";"40-49";"New";"2013-12-27";"136";"2";"119";"4";"4";"5";"59.5000";"23.8000"
"371";"AW00011370";"Alicia Xu";"41";"40-49";"New";"2013-10-01";"139";"2";"80";"3";"3";"2";"40.0000";"40.0000"
"372";"AW00011371";"Lacey Jai";"41";"40-49";"New";"2013-12-28";"136";"2";"75";"2";"2";"1";"37.5000";"75.0000"
"373";"AW00011372";"Wendy Romero";"41";"40-49";"Regular";"2013-12-14";"137";"3";"4965";"5";"5";"30";"1655.0000";"165.5000"
"374";"AW00011373";"Carly Luo";"70";"50 and above";"New";"2013-08-27";"140";"1";"38";"3";"3";"0";"38.0000";"38.0000"
"375";"AW00011374";"Jimmy Ortega";"76";"50 and above";"New";"2013-04-15";"145";"1";"69";"3";"3";"0";"69.0000";"69.0000"
"376";"AW00011375";"Francisco Martinez";"76";"50 and above";"New";"2013-10-17";"139";"1";"14";"2";"2";"0";"14.0000";"14.0000"
"377";"AW00011376";"Lance Vazquez";"76";"50 and above";"New";"2013-10-15";"139";"1";"78";"2";"2";"0";"78.0000";"78.0000"
"378";"AW00011377";"David Robinett";"58";"50 and above";"New";"2013-02-28";"146";"1";"84";"3";"3";"0";"84.0000";"84.0000"
"379";"AW00011378";"Shannon Liang";"59";"50 and above";"New";"2013-02-14";"147";"2";"4436";"4";"4";"3";"2218.0000";"1478.6667"
"380";"AW00011379";"Gary Vazquez";"49";"40-49";"New";"2013-02-26";"146";"2";"4426";"4";"4";"4";"2213.0000";"1106.5000"
"381";"AW00011380";"Mitchell Kumar";"60";"50 and above";"VIP";"2013-02-03";"147";"2";"5838";"6";"6";"15";"2919.0000";"389.2000"
"382";"AW00011381";"Meredith Raman";"54";"50 and above";"VIP";"2013-08-18";"141";"3";"8161";"5";"5";"26";"2720.3333";"313.8846"
"383";"AW00011382";"Edward Patterson";"50";"50 and above";"New";"2013-02-16";"147";"2";"4344";"2";"2";"3";"2172.0000";"1448.0000"
"384";"AW00011383";"Marie Gill";"59";"50 and above";"New";"2014-01-01";"136";"1";"49";"3";"3";"0";"49.0000";"49.0000"
"385";"AW00011384";"Tiffany Wang";"53";"50 and above";"New";"2013-08-02";"141";"1";"49";"3";"3";"0";"49.0000";"49.0000"
"386";"AW00011385";"Miguel Allen";"53";"50 and above";"New";"2013-07-06";"142";"1";"14";"2";"2";"0";"14.0000";"14.0000"
"387";"AW00011386";"Jaclyn Cai";"53";"50 and above";"New";"2013-11-02";"138";"1";"69";"3";"3";"0";"69.0000";"69.0000"
"388";"AW00011387";"Megan Ramirez";"60";"50 and above";"VIP";"2013-04-01";"145";"3";"6959";"6";"6";"20";"2319.6667";"347.9500"
"389";"AW00011388";"Joseph Martin";"60";"50 and above";"VIP";"2013-04-26";"144";"3";"6987";"7";"7";"21";"2329.0000";"332.7143"
"390";"AW00011389";"Karl Shan";"44";"40-49";"New";"2013-11-17";"138";"1";"69";"3";"3";"0";"69.0000";"69.0000"
"391";"AW00011390";"Christine Raji";"49";"40-49";"New";"2013-11-07";"138";"1";"49";"3";"3";"0";"49.0000";"49.0000"
"392";"AW00011391";"Lindsay Xie";"48";"40-49";"New";"2013-10-26";"138";"1";"34";"2";"2";"0";"34.0000";"34.0000"
"393";"AW00011392";"Willie Zhao";"44";"40-49";"New";"2013-03-29";"145";"1";"29";"1";"1";"0";"29.0000";"29.0000"
"394";"AW00011393";"Kurt Pal";"50";"50 and above";"New";"2013-07-16";"142";"1";"14";"2";"2";"0";"14.0000";"14.0000"
"395";"AW00011394";"George McDonald";"50";"50 and above";"VIP";"2013-08-02";"141";"3";"8162";"7";"7";"24";"2720.6667";"340.0833"
"396";"AW00011395";"Beth Gutierrez";"49";"40-49";"VIP";"2013-02-20";"147";"2";"5730";"3";"3";"15";"2865.0000";"382.0000"
"397";"AW00011396";"Ian Lopez";"50";"50 and above";"New";"2013-10-26";"138";"1";"29";"1";"1";"0";"29.0000";"29.0000"
"398";"AW00011397";"Latoya Shan";"50";"50 and above";"New";"2013-07-07";"142";"1";"38";"3";"3";"0";"38.0000";"38.0000"
"399";"AW00011398";"Colin Nath";"50";"50 and above";"VIP";"2013-08-02";"141";"3";"8114";"4";"4";"24";"2704.6667";"338.0833"
"400";"AW00011399";"Brenda Mehta";"50";"50 and above";"New";"2013-04-13";"145";"1";"14";"2";"2";"0";"14.0000";"14.0000"
"401";"AW00011400";"Franklin Raji";"45";"40-49";"VIP";"2013-07-19";"142";"3";"6968";"8";"7";"24";"2322.6667";"290.3333"
"402";"AW00011401";"Linda Navarro";"50";"50 and above";"New";"2013-03-08";"146";"3";"5020";"6";"6";"4";"1673.3333";"1255.0000"
"403";"AW00011402";"Kelli Cai";"50";"50 and above";"New";"2013-04-02";"145";"3";"5059";"10";"9";"4";"1686.3333";"1264.7500"
"404";"AW00011403";"Nancy Schmidt";"45";"40-49";"New";"2013-05-28";"143";"3";"5032";"9";"9";"7";"1677.3333";"718.8571"
"405";"AW00011404";"Megan Taylor";"67";"50 and above";"New";"2013-02-10";"147";"1";"34";"2";"2";"0";"34.0000";"34.0000"
"406";"AW00011405";"Bonnie Goel";"67";"50 and above";"New";"2013-03-31";"145";"1";"54";"1";"1";"0";"54.0000";"54.0000"
"407";"AW00011406";"Latoya Xu";"67";"50 and above";"New";"2013-02-09";"147";"2";"4415";"6";"6";"3";"2207.5000";"1471.6667"
"408";"AW00011407";"Mario She";"67";"50 and above";"New";"2013-06-23";"142";"1";"54";"1";"1";"0";"54.0000";"54.0000"
"409";"AW00011408";"Darren Gill";"61";"50 and above";"New";"2013-03-05";"146";"1";"34";"3";"3";"0";"34.0000";"34.0000"
"410";"AW00011409";"Jacqueline Hayes";"46";"40-49";"New";"2013-01-28";"147";"2";"4444";"5";"5";"2";"2222.0000";"2222.0000"
"411";"AW00011410";"Maurice Goel";NULL;"50 and above";"New";"2013-02-04";"147";"2";"4464";"5";"5";"2";"2232.0000";"2232.0000"
"412";"AW00011411";"Devin Ross";"65";"50 and above";"New";"2013-08-04";"141";"1";"38";"3";"3";"0";"38.0000";"38.0000"
"413";"AW00011412";"Sydney Bryant";"65";"50 and above";"VIP";"2013-10-11";"139";"4";"9880";"11";"10";"23";"2470.0000";"429.5652"
"414";"AW00011413";"Megan Stewart";"65";"50 and above";"VIP";"2013-09-05";"140";"4";"7190";"11";"10";"24";"1797.5000";"299.5833"
"415";"AW00011414";"Ian Richardson";"65";"50 and above";"VIP";"2013-09-15";"140";"4";"7191";"10";"10";"25";"1797.7500";"287.6400"
"416";"AW00011415";"Randy She";"75";"50 and above";"New";"2013-08-16";"141";"1";"14";"2";"2";"0";"14.0000";"14.0000"
"417";"AW00011416";"Katrina Becker";"74";"50 and above";"New";"2013-05-05";"144";"3";"4928";"5";"4";"5";"1642.6667";"985.6000"
"418";"AW00011417";"Lacey Zheng";"74";"50 and above";"VIP";"2013-12-15";"137";"7";"11248";"17";"14";"13";"1606.8571";"865.2308"
"419";"AW00011418";"Rafael Hu";"74";"50 and above";"New";"2013-12-17";"137";"1";"40";"2";"2";"0";"40.0000";"40.0000"
"420";"AW00011419";"Kyle Scott";"74";"50 and above";"New";"2013-06-27";"142";"2";"231";"6";"6";"3";"115.5000";"77.0000"
"421";"AW00011420";"Jordan Turner";"73";"50 and above";"VIP";"2013-11-29";"137";"7";"11200";"17";"16";"12";"1600.0000";"933.3333"
"422";"AW00011421";"Amy Sun";"73";"50 and above";"VIP";"2013-10-09";"139";"4";"9780";"4";"4";"23";"2445.0000";"425.2174"
"423";"AW00011422";"Dustin Deng";"73";"50 and above";"VIP";"2013-11-03";"138";"4";"7075";"10";"10";"26";"1768.7500";"272.1154"
"424";"AW00011423";"Jasmine Stewart";"65";"50 and above";"VIP";"2013-10-20";"139";"4";"9905";"10";"10";"22";"2476.2500";"450.2273"
"425";"AW00011424";"Pamela Garcia";"60";"50 and above";"New";"2013-04-21";"145";"1";"44";"2";"2";"0";"44.0000";"44.0000"
"426";"AW00011425";"Ariana Gray";"59";"50 and above";"VIP";"2013-12-21";"137";"6";"10528";"15";"15";"12";"1754.6667";"877.3333"
"427";"AW00011426";"Kristopher Mehta";"66";"50 and above";"New";"2013-04-09";"145";"1";"35";"1";"1";"0";"35.0000";"35.0000"
"428";"AW00011427";"Desiree Dominguez";"65";"50 and above";"VIP";"2013-10-20";"139";"4";"9918";"9";"8";"22";"2479.5000";"450.8182"
"429";"AW00011428";"Deanna Perez";"66";"50 and above";"VIP";"2013-10-22";"139";"4";"9954";"12";"12";"22";"2488.5000";"452.4545"
"430";"AW00011429";"Marco Lopez";"67";"50 and above";"VIP";"2013-12-24";"136";"6";"10468";"17";"14";"12";"1744.6667";"872.3333"
"431";"AW00011430";"Casey Yuan";"67";"50 and above";"New";"2013-03-19";"146";"1";"85";"2";"2";"0";"85.0000";"85.0000"
"432";"AW00011431";"Bryant Garcia";"50";"50 and above";"VIP";"2013-09-30";"139";"4";"9913";"11";"8";"21";"2478.2500";"472.0476"
"433";"AW00011432";"Dominique Prasad";"68";"50 and above";"VIP";"2013-12-25";"136";"6";"9330";"16";"15";"12";"1555.0000";"777.5000"
"434";"AW00011433";"Maurice Shan";"68";"50 and above";"New";"2013-09-14";"140";"6";"12914";"13";"12";"9";"2152.3333";"1434.8889"
"435";"AW00011434";"Andre Lopez";"63";"50 and above";"New";"2013-07-15";"142";"2";"70";"4";"4";"1";"35.0000";"70.0000"
"436";"AW00011435";"Robin Romero";"69";"50 and above";"New";"2014-01-04";"136";"1";"35";"1";"1";"0";"35.0000";"35.0000"
"437";"AW00011436";"Taylor Cox";"69";"50 and above";"New";"2013-06-19";"143";"2";"81";"4";"4";"0";"40.5000";"81.0000"
"438";"AW00011437";"Alfredo Moreno";"69";"50 and above";"New";"2013-12-19";"137";"1";"54";"1";"1";"0";"54.0000";"54.0000"
"439";"AW00011438";"Jenny Nara";"70";"50 and above";"New";"2013-02-05";"147";"1";"35";"1";"1";"0";"35.0000";"35.0000"
"440";"AW00011439";"Janet Munoz";"71";"50 and above";"New";"2013-10-20";"139";"6";"12488";"14";"12";"10";"2081.3333";"1248.8000"
"441";"AW00011440";"Sergio Weber";"72";"50 and above";"New";"2013-03-27";"145";"1";"78";"2";"2";"0";"78.0000";"78.0000"
"442";"AW00011441";"Erika Gomez";"72";"50 and above";"New";"2014-01-08";"136";"1";"44";"2";"2";"0";"44.0000";"44.0000"
"443";"AW00011442";"Joseph Harris";"72";"50 and above";"New";"2013-09-29";"139";"1";"35";"1";"1";"0";"35.0000";"35.0000"
"444";"AW00011443";"Grace Griffin";"43";"40-49";"VIP";"2013-10-01";"139";"3";"8235";"8";"8";"27";"2745.0000";"305.0000"
"445";"AW00011444";"Tina Mehta";"43";"40-49";"VIP";"2013-06-02";"143";"3";"8136";"5";"5";"24";"2712.0000";"339.0000"
"446";"AW00011445";"Kari Kim";"45";"40-49";"VIP";"2013-06-28";"142";"3";"8098";"5";"5";"24";"2699.3333";"337.4167"
"447";"AW00011446";"Bethany Chander";"45";"40-49";"VIP";"2013-06-21";"143";"3";"8237";"7";"6";"24";"2745.6667";"343.2083"
"448";"AW00011447";"Jennifer Roberts";"45";"40-49";"VIP";"2013-05-31";"143";"3";"8078";"6";"6";"23";"2692.6667";"351.2174"
"449";"AW00011448";"Kyle Patterson";"44";"40-49";"VIP";"2013-06-21";"143";"3";"8132";"7";"7";"24";"2710.6667";"338.8333"
"450";"AW00011449";"Alvin Hu";"44";"40-49";"VIP";"2013-06-24";"142";"3";"8130";"7";"7";"24";"2710.0000";"338.7500"
"451";"AW00011450";"Brett Mehta";"44";"40-49";"VIP";"2013-06-17";"143";"3";"8173";"9";"9";"23";"2724.3333";"355.3478"
<div class="alert alert-danger" role="alert"><img src="themes/dot.gif" title="" alt="" class="icon ic_s_error"> TypeError: PhpMyAdmin\Encoding::convertString(): Return value must be of type string, bool returned</div></body></html>